DATAFLOW,LAST UPDATE,freq,unit,coicop18,geo,TIME_PERIOD,OBS_VALUE,OBS_FLAG,CONF_STATUS
ESTAT:PRC_HICP_MINR(1.0),30/04/26 11:00:00,Monthly,Annual rate of change,Total,European Union - 27 countries (from 2020),2014-01,0.7,,
ESTAT:PRC_HICP_MINR(1.0),30/04/26 11:00:00,Monthly,Annual rate of change,Total,European Union - 27 countries (from 2020),2014-02,0.7,,
ESTAT:PRC_HICP_MINR(1.0),30/04/26 11:00:00,Monthly,Annual rate of change,Total,European Union - 27 countries (from 2020),2014-03,0.4,,
ESTAT:PRC_HICP_MINR(1.0),30/04/26 11:00:00,Monthly,Annual rate of change,Total,European Union - 27 countries (from 2020),2014-04,0.7,,
ESTAT:PRC_HICP_MINR(1.0),30/04/26 11:00:00,Monthly,Annual rate of change,Total,European Union - 27 countries (from 2020),2014-05,0.5,,
ESTAT:PRC_HICP_MINR(1.0),30/04/26 11:00:00,Monthly,Annual rate of change,Total,European Union - 27 countries (from 2020),2014-06,0.5,,
ESTAT:PRC_HICP_MINR(1.0),30/04/26 11:00:00,Monthly,Annual rate of change,Total,European Union - 27 countries (from 2020),2014-07,0.4,,
ESTAT:PRC_HICP_MINR(1.0),30/04/26 11:00:00,Monthly,Annual rate of change,Total,European Union - 27 countries (from 2020),2014-08,0.3,,
ESTAT:PRC_HICP_MINR(1.0),30/04/26 11:00:00,Monthly,Annual rate of change,Total,European Union - 27 countries (from 2020),2014-09,0.3,,
ESTAT:PRC_HICP_MINR(1.0),30/04/26 11:00:00,Monthly,Annual rate of change,Total,European Union - 27 countries (from 2020),2014-10,0.3,,
ESTAT:PRC_HICP_MINR(1.0),30/04/26 11:00:00,Monthly,Annual rate of change,Total,European Union - 27 countries (from 2020),2014-11,0.3,,
ESTAT:PRC_HICP_MINR(1.0),30/04/26 11:00:00,Monthly,Annual rate of change,Total,European Union - 27 countries (from 2020),2014-12,-0.2,,
ESTAT:PRC_HICP_MINR(1.0),30/04/26 11:00:00,Monthly,Annual rate of change,Total,European Union - 27 countries (from 2020),2015-01,-0.6,,
ESTAT:PRC_HICP_MINR(1.0),30/04/26 11:00:00,Monthly,Annual rate of change,Total,European Union - 27 countries (from 2020),2015-02,-0.3,,
ESTAT:PRC_HICP_MINR(1.0),30/04/26 11:00:00,Monthly,Annual rate of change,Total,European Union - 27 countries (from 2020),2015-03,-0.1,,
ESTAT:PRC_HICP_MINR(1.0),30/04/26 11:00:00,Monthly,Annual rate of change,Total,European Union - 27 countries (from 2020),2015-04,0.1,,
ESTAT:PRC_HICP_MINR(1.0),30/04/26 11:00:00,Monthly,Annual rate of change,Total,European Union - 27 countries (from 2020),2015-05,0.5,,
ESTAT:PRC_HICP_MINR(1.0),30/04/26 11:00:00,Monthly,Annual rate of change,Total,European Union - 27 countries (from 2020),2015-06,0.4,,
ESTAT:PRC_HICP_MINR(1.0),30/04/26 11:00:00,Monthly,Annual rate of change,Total,European Union - 27 countries (from 2020),2015-07,0.4,,
ESTAT:PRC_HICP_MINR(1.0),30/04/26 11:00:00,Monthly,Annual rate of change,Total,European Union - 27 countries (from 2020),2015-08,0.3,,
ESTAT:PRC_HICP_MINR(1.0),30/04/26 11:00:00,Monthly,Annual rate of change,Total,European Union - 27 countries (from 2020),2015-09,0.1,,
ESTAT:PRC_HICP_MINR(1.0),30/04/26 11:00:00,Monthly,Annual rate of change,Total,European Union - 27 countries (from 2020),2015-10,0.3,,
ESTAT:PRC_HICP_MINR(1.0),30/04/26 11:00:00,Monthly,Annual rate of change,Total,European Union - 27 countries (from 2020),2015-11,0.1,,
ESTAT:PRC_HICP_MINR(1.0),30/04/26 11:00:00,Monthly,Annual rate of change,Total,European Union - 27 countries (from 2020),2015-12,0.2,,
ESTAT:PRC_HICP_MINR(1.0),30/04/26 11:00:00,Monthly,Annual rate of change,Total,European Union - 27 countries (from 2020),2016-01,0.3,,
ESTAT:PRC_HICP_MINR(1.0),30/04/26 11:00:00,Monthly,Annual rate of change,Total,European Union - 27 countries (from 2020),2016-02,-0.2,,
ESTAT:PRC_HICP_MINR(1.0),30/04/26 11:00:00,Monthly,Annual rate of change,Total,European Union - 27 countries (from 2020),2016-03,-0.1,,
ESTAT:PRC_HICP_MINR(1.0),30/04/26 11:00:00,Monthly,Annual rate of change,Total,European Union - 27 countries (from 2020),2016-04,-0.3,,
ESTAT:PRC_HICP_MINR(1.0),30/04/26 11:00:00,Monthly,Annual rate of change,Total,European Union - 27 countries (from 2020),2016-05,-0.2,,
ESTAT:PRC_HICP_MINR(1.0),30/04/26 11:00:00,Monthly,Annual rate of change,Total,European Union - 27 countries (from 2020),2016-06,0.0,,
ESTAT:PRC_HICP_MINR(1.0),30/04/26 11:00:00,Monthly,Annual rate of change,Total,European Union - 27 countries (from 2020),2016-07,0.1,,
ESTAT:PRC_HICP_MINR(1.0),30/04/26 11:00:00,Monthly,Annual rate of change,Total,European Union - 27 countries (from 2020),2016-08,0.2,,
ESTAT:PRC_HICP_MINR(1.0),30/04/26 11:00:00,Monthly,Annual rate of change,Total,European Union - 27 countries (from 2020),2016-09,0.3,,
ESTAT:PRC_HICP_MINR(1.0),30/04/26 11:00:00,Monthly,Annual rate of change,Total,European Union - 27 countries (from 2020),2016-10,0.5,,
ESTAT:PRC_HICP_MINR(1.0),30/04/26 11:00:00,Monthly,Annual rate of change,Total,European Union - 27 countries (from 2020),2016-11,0.6,,
ESTAT:PRC_HICP_MINR(1.0),30/04/26 11:00:00,Monthly,Annual rate of change,Total,European Union - 27 countries (from 2020),2016-12,1.1,,
ESTAT:PRC_HICP_MINR(1.0),30/04/26 11:00:00,Monthly,Annual rate of change,Total,European Union - 27 countries (from 2020),2017-01,1.7,,
ESTAT:PRC_HICP_MINR(1.0),30/04/26 11:00:00,Monthly,Annual rate of change,Total,European Union - 27 countries (from 2020),2017-02,1.9,,
ESTAT:PRC_HICP_MINR(1.0),30/04/26 11:00:00,Monthly,Annual rate of change,Total,European Union - 27 countries (from 2020),2017-03,1.5,,
ESTAT:PRC_HICP_MINR(1.0),30/04/26 11:00:00,Monthly,Annual rate of change,Total,European Union - 27 countries (from 2020),2017-04,1.9,,
ESTAT:PRC_HICP_MINR(1.0),30/04/26 11:00:00,Monthly,Annual rate of change,Total,European Union - 27 countries (from 2020),2017-05,1.4,,
ESTAT:PRC_HICP_MINR(1.0),30/04/26 11:00:00,Monthly,Annual rate of change,Total,European Union - 27 countries (from 2020),2017-06,1.3,,
ESTAT:PRC_HICP_MINR(1.0),30/04/26 11:00:00,Monthly,Annual rate of change,Total,European Union - 27 countries (from 2020),2017-07,1.4,,
ESTAT:PRC_HICP_MINR(1.0),30/04/26 11:00:00,Monthly,Annual rate of change,Total,European Union - 27 countries (from 2020),2017-08,1.6,,
ESTAT:PRC_HICP_MINR(1.0),30/04/26 11:00:00,Monthly,Annual rate of change,Total,European Union - 27 countries (from 2020),2017-09,1.6,,
ESTAT:PRC_HICP_MINR(1.0),30/04/26 11:00:00,Monthly,Annual rate of change,Total,European Union - 27 countries (from 2020),2017-10,1.5,,
ESTAT:PRC_HICP_MINR(1.0),30/04/26 11:00:00,Monthly,Annual rate of change,Total,European Union - 27 countries (from 2020),2017-11,1.6,,
ESTAT:PRC_HICP_MINR(1.0),30/04/26 11:00:00,Monthly,Annual rate of change,Total,European Union - 27 countries (from 2020),2017-12,1.4,,
ESTAT:PRC_HICP_MINR(1.0),30/04/26 11:00:00,Monthly,Annual rate of change,Total,European Union - 27 countries (from 2020),2018-01,1.4,,
ESTAT:PRC_HICP_MINR(1.0),30/04/26 11:00:00,Monthly,Annual rate of change,Total,European Union - 27 countries (from 2020),2018-02,1.2,,
ESTAT:PRC_HICP_MINR(1.0),30/04/26 11:00:00,Monthly,Annual rate of change,Total,European Union - 27 countries (from 2020),2018-03,1.4,,
ESTAT:PRC_HICP_MINR(1.0),30/04/26 11:00:00,Monthly,Annual rate of change,Total,European Union - 27 countries (from 2020),2018-04,1.3,,
ESTAT:PRC_HICP_MINR(1.0),30/04/26 11:00:00,Monthly,Annual rate of change,Total,European Union - 27 countries (from 2020),2018-05,2.0,,
ESTAT:PRC_HICP_MINR(1.0),30/04/26 11:00:00,Monthly,Annual rate of change,Total,European Union - 27 countries (from 2020),2018-06,2.0,,
ESTAT:PRC_HICP_MINR(1.0),30/04/26 11:00:00,Monthly,Annual rate of change,Total,European Union - 27 countries (from 2020),2018-07,2.2,,
ESTAT:PRC_HICP_MINR(1.0),30/04/26 11:00:00,Monthly,Annual rate of change,Total,European Union - 27 countries (from 2020),2018-08,2.1,,
ESTAT:PRC_HICP_MINR(1.0),30/04/26 11:00:00,Monthly,Annual rate of change,Total,European Union - 27 countries (from 2020),2018-09,2.1,,
ESTAT:PRC_HICP_MINR(1.0),30/04/26 11:00:00,Monthly,Annual rate of change,Total,European Union - 27 countries (from 2020),2018-10,2.3,,
ESTAT:PRC_HICP_MINR(1.0),30/04/26 11:00:00,Monthly,Annual rate of change,Total,European Union - 27 countries (from 2020),2018-11,1.9,,
ESTAT:PRC_HICP_MINR(1.0),30/04/26 11:00:00,Monthly,Annual rate of change,Total,European Union - 27 countries (from 2020),2018-12,1.6,,
ESTAT:PRC_HICP_MINR(1.0),30/04/26 11:00:00,Monthly,Annual rate of change,Total,European Union - 27 countries (from 2020),2019-01,1.4,,
ESTAT:PRC_HICP_MINR(1.0),30/04/26 11:00:00,Monthly,Annual rate of change,Total,European Union - 27 countries (from 2020),2019-02,1.6,,
ESTAT:PRC_HICP_MINR(1.0),30/04/26 11:00:00,Monthly,Annual rate of change,Total,European Union - 27 countries (from 2020),2019-03,1.6,,
ESTAT:PRC_HICP_MINR(1.0),30/04/26 11:00:00,Monthly,Annual rate of change,Total,European Union - 27 countries (from 2020),2019-04,1.9,,
ESTAT:PRC_HICP_MINR(1.0),30/04/26 11:00:00,Monthly,Annual rate of change,Total,European Union - 27 countries (from 2020),2019-05,1.5,,
ESTAT:PRC_HICP_MINR(1.0),30/04/26 11:00:00,Monthly,Annual rate of change,Total,European Union - 27 countries (from 2020),2019-06,1.5,,
ESTAT:PRC_HICP_MINR(1.0),30/04/26 11:00:00,Monthly,Annual rate of change,Total,European Union - 27 countries (from 2020),2019-07,1.3,,
ESTAT:PRC_HICP_MINR(1.0),30/04/26 11:00:00,Monthly,Annual rate of change,Total,European Union - 27 countries (from 2020),2019-08,1.3,,
ESTAT:PRC_HICP_MINR(1.0),30/04/26 11:00:00,Monthly,Annual rate of change,Total,European Union - 27 countries (from 2020),2019-09,1.1,,
ESTAT:PRC_HICP_MINR(1.0),30/04/26 11:00:00,Monthly,Annual rate of change,Total,European Union - 27 countries (from 2020),2019-10,1.0,,
ESTAT:PRC_HICP_MINR(1.0),30/04/26 11:00:00,Monthly,Annual rate of change,Total,European Union - 27 countries (from 2020),2019-11,1.3,,
ESTAT:PRC_HICP_MINR(1.0),30/04/26 11:00:00,Monthly,Annual rate of change,Total,European Union - 27 countries (from 2020),2019-12,1.6,,
ESTAT:PRC_HICP_MINR(1.0),30/04/26 11:00:00,Monthly,Annual rate of change,Total,European Union - 27 countries (from 2020),2020-01,1.7,,
ESTAT:PRC_HICP_MINR(1.0),30/04/26 11:00:00,Monthly,Annual rate of change,Total,European Union - 27 countries (from 2020),2020-02,1.6,,
ESTAT:PRC_HICP_MINR(1.0),30/04/26 11:00:00,Monthly,Annual rate of change,Total,European Union - 27 countries (from 2020),2020-03,1.1,,
ESTAT:PRC_HICP_MINR(1.0),30/04/26 11:00:00,Monthly,Annual rate of change,Total,European Union - 27 countries (from 2020),2020-04,0.6,,
ESTAT:PRC_HICP_MINR(1.0),30/04/26 11:00:00,Monthly,Annual rate of change,Total,European Union - 27 countries (from 2020),2020-05,0.5,,
ESTAT:PRC_HICP_MINR(1.0),30/04/26 11:00:00,Monthly,Annual rate of change,Total,European Union - 27 countries (from 2020),2020-06,0.7,,
ESTAT:PRC_HICP_MINR(1.0),30/04/26 11:00:00,Monthly,Annual rate of change,Total,European Union - 27 countries (from 2020),2020-07,0.8,,
ESTAT:PRC_HICP_MINR(1.0),30/04/26 11:00:00,Monthly,Annual rate of change,Total,European Union - 27 countries (from 2020),2020-08,0.4,,
ESTAT:PRC_HICP_MINR(1.0),30/04/26 11:00:00,Monthly,Annual rate of change,Total,European Union - 27 countries (from 2020),2020-09,0.2,,
ESTAT:PRC_HICP_MINR(1.0),30/04/26 11:00:00,Monthly,Annual rate of change,Total,European Union - 27 countries (from 2020),2020-10,0.2,,
ESTAT:PRC_HICP_MINR(1.0),30/04/26 11:00:00,Monthly,Annual rate of change,Total,European Union - 27 countries (from 2020),2020-11,0.2,,
ESTAT:PRC_HICP_MINR(1.0),30/04/26 11:00:00,Monthly,Annual rate of change,Total,European Union - 27 countries (from 2020),2020-12,0.2,,
ESTAT:PRC_HICP_MINR(1.0),30/04/26 11:00:00,Monthly,Annual rate of change,Total,European Union - 27 countries (from 2020),2021-01,1.2,,
ESTAT:PRC_HICP_MINR(1.0),30/04/26 11:00:00,Monthly,Annual rate of change,Total,European Union - 27 countries (from 2020),2021-02,1.3,,
ESTAT:PRC_HICP_MINR(1.0),30/04/26 11:00:00,Monthly,Annual rate of change,Total,European Union - 27 countries (from 2020),2021-03,1.7,,
ESTAT:PRC_HICP_MINR(1.0),30/04/26 11:00:00,Monthly,Annual rate of change,Total,European Union - 27 countries (from 2020),2021-04,2.0,,
ESTAT:PRC_HICP_MINR(1.0),30/04/26 11:00:00,Monthly,Annual rate of change,Total,European Union - 27 countries (from 2020),2021-05,2.3,,
ESTAT:PRC_HICP_MINR(1.0),30/04/26 11:00:00,Monthly,Annual rate of change,Total,European Union - 27 countries (from 2020),2021-06,2.2,,
ESTAT:PRC_HICP_MINR(1.0),30/04/26 11:00:00,Monthly,Annual rate of change,Total,European Union - 27 countries (from 2020),2021-07,2.5,,
ESTAT:PRC_HICP_MINR(1.0),30/04/26 11:00:00,Monthly,Annual rate of change,Total,European Union - 27 countries (from 2020),2021-08,3.2,,
ESTAT:PRC_HICP_MINR(1.0),30/04/26 11:00:00,Monthly,Annual rate of change,Total,European Union - 27 countries (from 2020),2021-09,3.6,,
ESTAT:PRC_HICP_MINR(1.0),30/04/26 11:00:00,Monthly,Annual rate of change,Total,European Union - 27 countries (from 2020),2021-10,4.4,,
ESTAT:PRC_HICP_MINR(1.0),30/04/26 11:00:00,Monthly,Annual rate of change,Total,European Union - 27 countries (from 2020),2021-11,5.2,,
ESTAT:PRC_HICP_MINR(1.0),30/04/26 11:00:00,Monthly,Annual rate of change,Total,European Union - 27 countries (from 2020),2021-12,5.3,,
ESTAT:PRC_HICP_MINR(1.0),30/04/26 11:00:00,Monthly,Annual rate of change,Total,European Union - 27 countries (from 2020),2022-01,5.6,,
ESTAT:PRC_HICP_MINR(1.0),30/04/26 11:00:00,Monthly,Annual rate of change,Total,European Union - 27 countries (from 2020),2022-02,6.2,,
ESTAT:PRC_HICP_MINR(1.0),30/04/26 11:00:00,Monthly,Annual rate of change,Total,European Union - 27 countries (from 2020),2022-03,7.8,,
ESTAT:PRC_HICP_MINR(1.0),30/04/26 11:00:00,Monthly,Annual rate of change,Total,European Union - 27 countries (from 2020),2022-04,8.1,,
ESTAT:PRC_HICP_MINR(1.0),30/04/26 11:00:00,Monthly,Annual rate of change,Total,European Union - 27 countries (from 2020),2022-05,8.8,,
ESTAT:PRC_HICP_MINR(1.0),30/04/26 11:00:00,Monthly,Annual rate of change,Total,European Union - 27 countries (from 2020),2022-06,9.6,,
ESTAT:PRC_HICP_MINR(1.0),30/04/26 11:00:00,Monthly,Annual rate of change,Total,European Union - 27 countries (from 2020),2022-07,9.8,,
ESTAT:PRC_HICP_MINR(1.0),30/04/26 11:00:00,Monthly,Annual rate of change,Total,European Union - 27 countries (from 2020),2022-08,10.1,,
ESTAT:PRC_HICP_MINR(1.0),30/04/26 11:00:00,Monthly,Annual rate of change,Total,European Union - 27 countries (from 2020),2022-09,10.9,,
ESTAT:PRC_HICP_MINR(1.0),30/04/26 11:00:00,Monthly,Annual rate of change,Total,European Union - 27 countries (from 2020),2022-10,11.5,,
ESTAT:PRC_HICP_MINR(1.0),30/04/26 11:00:00,Monthly,Annual rate of change,Total,European Union - 27 countries (from 2020),2022-11,11.1,,
ESTAT:PRC_HICP_MINR(1.0),30/04/26 11:00:00,Monthly,Annual rate of change,Total,European Union - 27 countries (from 2020),2022-12,10.4,,
ESTAT:PRC_HICP_MINR(1.0),30/04/26 11:00:00,Monthly,Annual rate of change,Total,European Union - 27 countries (from 2020),2023-01,10.0,,
ESTAT:PRC_HICP_MINR(1.0),30/04/26 11:00:00,Monthly,Annual rate of change,Total,European Union - 27 countries (from 2020),2023-02,9.9,,
ESTAT:PRC_HICP_MINR(1.0),30/04/26 11:00:00,Monthly,Annual rate of change,Total,European Union - 27 countries (from 2020),2023-03,8.3,,
ESTAT:PRC_HICP_MINR(1.0),30/04/26 11:00:00,Monthly,Annual rate of change,Total,European Union - 27 countries (from 2020),2023-04,8.1,,
ESTAT:PRC_HICP_MINR(1.0),30/04/26 11:00:00,Monthly,Annual rate of change,Total,European Union - 27 countries (from 2020),2023-05,7.1,,
ESTAT:PRC_HICP_MINR(1.0),30/04/26 11:00:00,Monthly,Annual rate of change,Total,European Union - 27 countries (from 2020),2023-06,6.4,,
ESTAT:PRC_HICP_MINR(1.0),30/04/26 11:00:00,Monthly,Annual rate of change,Total,European Union - 27 countries (from 2020),2023-07,6.1,,
ESTAT:PRC_HICP_MINR(1.0),30/04/26 11:00:00,Monthly,Annual rate of change,Total,European Union - 27 countries (from 2020),2023-08,5.9,,
ESTAT:PRC_HICP_MINR(1.0),30/04/26 11:00:00,Monthly,Annual rate of change,Total,European Union - 27 countries (from 2020),2023-09,5.0,,
ESTAT:PRC_HICP_MINR(1.0),30/04/26 11:00:00,Monthly,Annual rate of change,Total,European Union - 27 countries (from 2020),2023-10,3.6,,
ESTAT:PRC_HICP_MINR(1.0),30/04/26 11:00:00,Monthly,Annual rate of change,Total,European Union - 27 countries (from 2020),2023-11,3.1,,
ESTAT:PRC_HICP_MINR(1.0),30/04/26 11:00:00,Monthly,Annual rate of change,Total,European Union - 27 countries (from 2020),2023-12,3.4,,
ESTAT:PRC_HICP_MINR(1.0),30/04/26 11:00:00,Monthly,Annual rate of change,Total,European Union - 27 countries (from 2020),2024-01,3.1,,
ESTAT:PRC_HICP_MINR(1.0),30/04/26 11:00:00,Monthly,Annual rate of change,Total,European Union - 27 countries (from 2020),2024-02,2.8,,
ESTAT:PRC_HICP_MINR(1.0),30/04/26 11:00:00,Monthly,Annual rate of change,Total,European Union - 27 countries (from 2020),2024-03,2.6,,
ESTAT:PRC_HICP_MINR(1.0),30/04/26 11:00:00,Monthly,Annual rate of change,Total,European Union - 27 countries (from 2020),2024-04,2.6,,
ESTAT:PRC_HICP_MINR(1.0),30/04/26 11:00:00,Monthly,Annual rate of change,Total,European Union - 27 countries (from 2020),2024-05,2.7,,
ESTAT:PRC_HICP_MINR(1.0),30/04/26 11:00:00,Monthly,Annual rate of change,Total,European Union - 27 countries (from 2020),2024-06,2.6,,
ESTAT:PRC_HICP_MINR(1.0),30/04/26 11:00:00,Monthly,Annual rate of change,Total,European Union - 27 countries (from 2020),2024-07,2.8,,
ESTAT:PRC_HICP_MINR(1.0),30/04/26 11:00:00,Monthly,Annual rate of change,Total,European Union - 27 countries (from 2020),2024-08,2.4,,
ESTAT:PRC_HICP_MINR(1.0),30/04/26 11:00:00,Monthly,Annual rate of change,Total,European Union - 27 countries (from 2020),2024-09,2.1,,
ESTAT:PRC_HICP_MINR(1.0),30/04/26 11:00:00,Monthly,Annual rate of change,Total,European Union - 27 countries (from 2020),2024-10,2.3,,
ESTAT:PRC_HICP_MINR(1.0),30/04/26 11:00:00,Monthly,Annual rate of change,Total,European Union - 27 countries (from 2020),2024-11,2.5,,
ESTAT:PRC_HICP_MINR(1.0),30/04/26 11:00:00,Monthly,Annual rate of change,Total,European Union - 27 countries (from 2020),2024-12,2.7,,
ESTAT:PRC_HICP_MINR(1.0),30/04/26 11:00:00,Monthly,Annual rate of change,Total,European Union - 27 countries (from 2020),2025-01,2.8,,
ESTAT:PRC_HICP_MINR(1.0),30/04/26 11:00:00,Monthly,Annual rate of change,Total,European Union - 27 countries (from 2020),2025-02,2.7,,
ESTAT:PRC_HICP_MINR(1.0),30/04/26 11:00:00,Monthly,Annual rate of change,Total,European Union - 27 countries (from 2020),2025-03,2.5,,
ESTAT:PRC_HICP_MINR(1.0),30/04/26 11:00:00,Monthly,Annual rate of change,Total,European Union - 27 countries (from 2020),2025-04,2.4,,
ESTAT:PRC_HICP_MINR(1.0),30/04/26 11:00:00,Monthly,Annual rate of change,Total,European Union - 27 countries (from 2020),2025-05,2.2,,
ESTAT:PRC_HICP_MINR(1.0),30/04/26 11:00:00,Monthly,Annual rate of change,Total,European Union - 27 countries (from 2020),2025-06,2.3,,
ESTAT:PRC_HICP_MINR(1.0),30/04/26 11:00:00,Monthly,Annual rate of change,Total,European Union - 27 countries (from 2020),2025-07,2.4,,
ESTAT:PRC_HICP_MINR(1.0),30/04/26 11:00:00,Monthly,Annual rate of change,Total,European Union - 27 countries (from 2020),2025-08,2.4,,
ESTAT:PRC_HICP_MINR(1.0),30/04/26 11:00:00,Monthly,Annual rate of change,Total,European Union - 27 countries (from 2020),2025-09,2.6,,
ESTAT:PRC_HICP_MINR(1.0),30/04/26 11:00:00,Monthly,Annual rate of change,Total,European Union - 27 countries (from 2020),2025-10,2.5,,
ESTAT:PRC_HICP_MINR(1.0),30/04/26 11:00:00,Monthly,Annual rate of change,Total,European Union - 27 countries (from 2020),2025-11,2.4,,
ESTAT:PRC_HICP_MINR(1.0),30/04/26 11:00:00,Monthly,Annual rate of change,Total,European Union - 27 countries (from 2020),2025-12,2.3,,
ESTAT:PRC_HICP_MINR(1.0),30/04/26 11:00:00,Monthly,Annual rate of change,Total,European Union - 27 countries (from 2020),2026-01,2.0,,
ESTAT:PRC_HICP_MINR(1.0),30/04/26 11:00:00,Monthly,Annual rate of change,Total,European Union - 27 countries (from 2020),2026-02,2.1,,
ESTAT:PRC_HICP_MINR(1.0),30/04/26 11:00:00,Monthly,Annual rate of change,Total,European Union - 27 countries (from 2020),2026-03,2.8,,
ESTAT:PRC_HICP_MINR(1.0),30/04/26 11:00:00,Monthly,Annual rate of change,Total,Poland,2014-01,0.6,,
ESTAT:PRC_HICP_MINR(1.0),30/04/26 11:00:00,Monthly,Annual rate of change,Total,Poland,2014-02,0.7,,
ESTAT:PRC_HICP_MINR(1.0),30/04/26 11:00:00,Monthly,Annual rate of change,Total,Poland,2014-03,0.6,,
ESTAT:PRC_HICP_MINR(1.0),30/04/26 11:00:00,Monthly,Annual rate of change,Total,Poland,2014-04,0.3,,
ESTAT:PRC_HICP_MINR(1.0),30/04/26 11:00:00,Monthly,Annual rate of change,Total,Poland,2014-05,0.4,,
ESTAT:PRC_HICP_MINR(1.0),30/04/26 11:00:00,Monthly,Annual rate of change,Total,Poland,2014-06,0.3,,
ESTAT:PRC_HICP_MINR(1.0),30/04/26 11:00:00,Monthly,Annual rate of change,Total,Poland,2014-07,0.0,,
ESTAT:PRC_HICP_MINR(1.0),30/04/26 11:00:00,Monthly,Annual rate of change,Total,Poland,2014-08,-0.1,,
ESTAT:PRC_HICP_MINR(1.0),30/04/26 11:00:00,Monthly,Annual rate of change,Total,Poland,2014-09,-0.2,,
ESTAT:PRC_HICP_MINR(1.0),30/04/26 11:00:00,Monthly,Annual rate of change,Total,Poland,2014-10,-0.3,,
ESTAT:PRC_HICP_MINR(1.0),30/04/26 11:00:00,Monthly,Annual rate of change,Total,Poland,2014-11,-0.4,,
ESTAT:PRC_HICP_MINR(1.0),30/04/26 11:00:00,Monthly,Annual rate of change,Total,Poland,2014-12,-0.7,,
ESTAT:PRC_HICP_MINR(1.0),30/04/26 11:00:00,Monthly,Annual rate of change,Total,Poland,2015-01,-1.0,,
ESTAT:PRC_HICP_MINR(1.0),30/04/26 11:00:00,Monthly,Annual rate of change,Total,Poland,2015-02,-1.3,,
ESTAT:PRC_HICP_MINR(1.0),30/04/26 11:00:00,Monthly,Annual rate of change,Total,Poland,2015-03,-1.2,,
ESTAT:PRC_HICP_MINR(1.0),30/04/26 11:00:00,Monthly,Annual rate of change,Total,Poland,2015-04,-0.8,,
ESTAT:PRC_HICP_MINR(1.0),30/04/26 11:00:00,Monthly,Annual rate of change,Total,Poland,2015-05,-0.7,,
ESTAT:PRC_HICP_MINR(1.0),30/04/26 11:00:00,Monthly,Annual rate of change,Total,Poland,2015-06,-0.5,,
ESTAT:PRC_HICP_MINR(1.0),30/04/26 11:00:00,Monthly,Annual rate of change,Total,Poland,2015-07,-0.4,,
ESTAT:PRC_HICP_MINR(1.0),30/04/26 11:00:00,Monthly,Annual rate of change,Total,Poland,2015-08,-0.4,,
ESTAT:PRC_HICP_MINR(1.0),30/04/26 11:00:00,Monthly,Annual rate of change,Total,Poland,2015-09,-0.6,,
ESTAT:PRC_HICP_MINR(1.0),30/04/26 11:00:00,Monthly,Annual rate of change,Total,Poland,2015-10,-0.6,,
ESTAT:PRC_HICP_MINR(1.0),30/04/26 11:00:00,Monthly,Annual rate of change,Total,Poland,2015-11,-0.5,,
ESTAT:PRC_HICP_MINR(1.0),30/04/26 11:00:00,Monthly,Annual rate of change,Total,Poland,2015-12,-0.4,,
ESTAT:PRC_HICP_MINR(1.0),30/04/26 11:00:00,Monthly,Annual rate of change,Total,Poland,2016-01,-0.3,,
ESTAT:PRC_HICP_MINR(1.0),30/04/26 11:00:00,Monthly,Annual rate of change,Total,Poland,2016-02,-0.2,,
ESTAT:PRC_HICP_MINR(1.0),30/04/26 11:00:00,Monthly,Annual rate of change,Total,Poland,2016-03,-0.4,,
ESTAT:PRC_HICP_MINR(1.0),30/04/26 11:00:00,Monthly,Annual rate of change,Total,Poland,2016-04,-0.5,,
ESTAT:PRC_HICP_MINR(1.0),30/04/26 11:00:00,Monthly,Annual rate of change,Total,Poland,2016-05,-0.4,,
ESTAT:PRC_HICP_MINR(1.0),30/04/26 11:00:00,Monthly,Annual rate of change,Total,Poland,2016-06,-0.3,,
ESTAT:PRC_HICP_MINR(1.0),30/04/26 11:00:00,Monthly,Annual rate of change,Total,Poland,2016-07,-0.6,,
ESTAT:PRC_HICP_MINR(1.0),30/04/26 11:00:00,Monthly,Annual rate of change,Total,Poland,2016-08,-0.5,,
ESTAT:PRC_HICP_MINR(1.0),30/04/26 11:00:00,Monthly,Annual rate of change,Total,Poland,2016-09,-0.3,,
ESTAT:PRC_HICP_MINR(1.0),30/04/26 11:00:00,Monthly,Annual rate of change,Total,Poland,2016-10,0.1,,
ESTAT:PRC_HICP_MINR(1.0),30/04/26 11:00:00,Monthly,Annual rate of change,Total,Poland,2016-11,0.2,,
ESTAT:PRC_HICP_MINR(1.0),30/04/26 11:00:00,Monthly,Annual rate of change,Total,Poland,2016-12,0.9,,
ESTAT:PRC_HICP_MINR(1.0),30/04/26 11:00:00,Monthly,Annual rate of change,Total,Poland,2017-01,1.4,,
ESTAT:PRC_HICP_MINR(1.0),30/04/26 11:00:00,Monthly,Annual rate of change,Total,Poland,2017-02,1.9,,
ESTAT:PRC_HICP_MINR(1.0),30/04/26 11:00:00,Monthly,Annual rate of change,Total,Poland,2017-03,1.8,,
ESTAT:PRC_HICP_MINR(1.0),30/04/26 11:00:00,Monthly,Annual rate of change,Total,Poland,2017-04,1.8,,
ESTAT:PRC_HICP_MINR(1.0),30/04/26 11:00:00,Monthly,Annual rate of change,Total,Poland,2017-05,1.5,,
ESTAT:PRC_HICP_MINR(1.0),30/04/26 11:00:00,Monthly,Annual rate of change,Total,Poland,2017-06,1.3,,
ESTAT:PRC_HICP_MINR(1.0),30/04/26 11:00:00,Monthly,Annual rate of change,Total,Poland,2017-07,1.4,,
ESTAT:PRC_HICP_MINR(1.0),30/04/26 11:00:00,Monthly,Annual rate of change,Total,Poland,2017-08,1.4,,
ESTAT:PRC_HICP_MINR(1.0),30/04/26 11:00:00,Monthly,Annual rate of change,Total,Poland,2017-09,1.7,,
ESTAT:PRC_HICP_MINR(1.0),30/04/26 11:00:00,Monthly,Annual rate of change,Total,Poland,2017-10,1.7,,
ESTAT:PRC_HICP_MINR(1.0),30/04/26 11:00:00,Monthly,Annual rate of change,Total,Poland,2017-11,2.0,,
ESTAT:PRC_HICP_MINR(1.0),30/04/26 11:00:00,Monthly,Annual rate of change,Total,Poland,2017-12,1.7,,
ESTAT:PRC_HICP_MINR(1.0),30/04/26 11:00:00,Monthly,Annual rate of change,Total,Poland,2018-01,1.6,,
ESTAT:PRC_HICP_MINR(1.0),30/04/26 11:00:00,Monthly,Annual rate of change,Total,Poland,2018-02,0.7,,
ESTAT:PRC_HICP_MINR(1.0),30/04/26 11:00:00,Monthly,Annual rate of change,Total,Poland,2018-03,0.7,,
ESTAT:PRC_HICP_MINR(1.0),30/04/26 11:00:00,Monthly,Annual rate of change,Total,Poland,2018-04,0.9,,
ESTAT:PRC_HICP_MINR(1.0),30/04/26 11:00:00,Monthly,Annual rate of change,Total,Poland,2018-05,1.2,,
ESTAT:PRC_HICP_MINR(1.0),30/04/26 11:00:00,Monthly,Annual rate of change,Total,Poland,2018-06,1.3,,
ESTAT:PRC_HICP_MINR(1.0),30/04/26 11:00:00,Monthly,Annual rate of change,Total,Poland,2018-07,1.4,,
ESTAT:PRC_HICP_MINR(1.0),30/04/26 11:00:00,Monthly,Annual rate of change,Total,Poland,2018-08,1.4,,
ESTAT:PRC_HICP_MINR(1.0),30/04/26 11:00:00,Monthly,Annual rate of change,Total,Poland,2018-09,1.4,,
ESTAT:PRC_HICP_MINR(1.0),30/04/26 11:00:00,Monthly,Annual rate of change,Total,Poland,2018-10,1.4,,
ESTAT:PRC_HICP_MINR(1.0),30/04/26 11:00:00,Monthly,Annual rate of change,Total,Poland,2018-11,1.0,,
ESTAT:PRC_HICP_MINR(1.0),30/04/26 11:00:00,Monthly,Annual rate of change,Total,Poland,2018-12,0.9,,
ESTAT:PRC_HICP_MINR(1.0),30/04/26 11:00:00,Monthly,Annual rate of change,Total,Poland,2019-01,0.6,,
ESTAT:PRC_HICP_MINR(1.0),30/04/26 11:00:00,Monthly,Annual rate of change,Total,Poland,2019-02,1.3,,
ESTAT:PRC_HICP_MINR(1.0),30/04/26 11:00:00,Monthly,Annual rate of change,Total,Poland,2019-03,1.7,,
ESTAT:PRC_HICP_MINR(1.0),30/04/26 11:00:00,Monthly,Annual rate of change,Total,Poland,2019-04,2.1,,
ESTAT:PRC_HICP_MINR(1.0),30/04/26 11:00:00,Monthly,Annual rate of change,Total,Poland,2019-05,2.2,,
ESTAT:PRC_HICP_MINR(1.0),30/04/26 11:00:00,Monthly,Annual rate of change,Total,Poland,2019-06,2.4,,
ESTAT:PRC_HICP_MINR(1.0),30/04/26 11:00:00,Monthly,Annual rate of change,Total,Poland,2019-07,2.6,,
ESTAT:PRC_HICP_MINR(1.0),30/04/26 11:00:00,Monthly,Annual rate of change,Total,Poland,2019-08,2.6,,
ESTAT:PRC_HICP_MINR(1.0),30/04/26 11:00:00,Monthly,Annual rate of change,Total,Poland,2019-09,2.4,,
ESTAT:PRC_HICP_MINR(1.0),30/04/26 11:00:00,Monthly,Annual rate of change,Total,Poland,2019-10,2.4,,
ESTAT:PRC_HICP_MINR(1.0),30/04/26 11:00:00,Monthly,Annual rate of change,Total,Poland,2019-11,2.5,,
ESTAT:PRC_HICP_MINR(1.0),30/04/26 11:00:00,Monthly,Annual rate of change,Total,Poland,2019-12,3.0,,
ESTAT:PRC_HICP_MINR(1.0),30/04/26 11:00:00,Monthly,Annual rate of change,Total,Poland,2020-01,3.7,,
ESTAT:PRC_HICP_MINR(1.0),30/04/26 11:00:00,Monthly,Annual rate of change,Total,Poland,2020-02,4.0,,
ESTAT:PRC_HICP_MINR(1.0),30/04/26 11:00:00,Monthly,Annual rate of change,Total,Poland,2020-03,3.8,,
ESTAT:PRC_HICP_MINR(1.0),30/04/26 11:00:00,Monthly,Annual rate of change,Total,Poland,2020-04,2.9,,
ESTAT:PRC_HICP_MINR(1.0),30/04/26 11:00:00,Monthly,Annual rate of change,Total,Poland,2020-05,3.5,,
ESTAT:PRC_HICP_MINR(1.0),30/04/26 11:00:00,Monthly,Annual rate of change,Total,Poland,2020-06,3.8,,
ESTAT:PRC_HICP_MINR(1.0),30/04/26 11:00:00,Monthly,Annual rate of change,Total,Poland,2020-07,3.6,,
ESTAT:PRC_HICP_MINR(1.0),30/04/26 11:00:00,Monthly,Annual rate of change,Total,Poland,2020-08,3.7,,
ESTAT:PRC_HICP_MINR(1.0),30/04/26 11:00:00,Monthly,Annual rate of change,Total,Poland,2020-09,3.8,,
ESTAT:PRC_HICP_MINR(1.0),30/04/26 11:00:00,Monthly,Annual rate of change,Total,Poland,2020-10,3.8,,
ESTAT:PRC_HICP_MINR(1.0),30/04/26 11:00:00,Monthly,Annual rate of change,Total,Poland,2020-11,3.7,,
ESTAT:PRC_HICP_MINR(1.0),30/04/26 11:00:00,Monthly,Annual rate of change,Total,Poland,2020-12,3.4,,
ESTAT:PRC_HICP_MINR(1.0),30/04/26 11:00:00,Monthly,Annual rate of change,Total,Poland,2021-01,3.7,,
ESTAT:PRC_HICP_MINR(1.0),30/04/26 11:00:00,Monthly,Annual rate of change,Total,Poland,2021-02,3.7,,
ESTAT:PRC_HICP_MINR(1.0),30/04/26 11:00:00,Monthly,Annual rate of change,Total,Poland,2021-03,4.3,,
ESTAT:PRC_HICP_MINR(1.0),30/04/26 11:00:00,Monthly,Annual rate of change,Total,Poland,2021-04,5.1,,
ESTAT:PRC_HICP_MINR(1.0),30/04/26 11:00:00,Monthly,Annual rate of change,Total,Poland,2021-05,4.6,,
ESTAT:PRC_HICP_MINR(1.0),30/04/26 11:00:00,Monthly,Annual rate of change,Total,Poland,2021-06,4.2,,
ESTAT:PRC_HICP_MINR(1.0),30/04/26 11:00:00,Monthly,Annual rate of change,Total,Poland,2021-07,4.7,,
ESTAT:PRC_HICP_MINR(1.0),30/04/26 11:00:00,Monthly,Annual rate of change,Total,Poland,2021-08,5.1,,
ESTAT:PRC_HICP_MINR(1.0),30/04/26 11:00:00,Monthly,Annual rate of change,Total,Poland,2021-09,5.6,,
ESTAT:PRC_HICP_MINR(1.0),30/04/26 11:00:00,Monthly,Annual rate of change,Total,Poland,2021-10,6.4,,
ESTAT:PRC_HICP_MINR(1.0),30/04/26 11:00:00,Monthly,Annual rate of change,Total,Poland,2021-11,7.4,,
ESTAT:PRC_HICP_MINR(1.0),30/04/26 11:00:00,Monthly,Annual rate of change,Total,Poland,2021-12,8.0,,
ESTAT:PRC_HICP_MINR(1.0),30/04/26 11:00:00,Monthly,Annual rate of change,Total,Poland,2022-01,8.7,,
ESTAT:PRC_HICP_MINR(1.0),30/04/26 11:00:00,Monthly,Annual rate of change,Total,Poland,2022-02,8.0,,
ESTAT:PRC_HICP_MINR(1.0),30/04/26 11:00:00,Monthly,Annual rate of change,Total,Poland,2022-03,10.3,,
ESTAT:PRC_HICP_MINR(1.0),30/04/26 11:00:00,Monthly,Annual rate of change,Total,Poland,2022-04,11.4,,
ESTAT:PRC_HICP_MINR(1.0),30/04/26 11:00:00,Monthly,Annual rate of change,Total,Poland,2022-05,12.8,,
ESTAT:PRC_HICP_MINR(1.0),30/04/26 11:00:00,Monthly,Annual rate of change,Total,Poland,2022-06,14.2,,
ESTAT:PRC_HICP_MINR(1.0),30/04/26 11:00:00,Monthly,Annual rate of change,Total,Poland,2022-07,14.2,,
ESTAT:PRC_HICP_MINR(1.0),30/04/26 11:00:00,Monthly,Annual rate of change,Total,Poland,2022-08,14.7,,
ESTAT:PRC_HICP_MINR(1.0),30/04/26 11:00:00,Monthly,Annual rate of change,Total,Poland,2022-09,15.7,,
ESTAT:PRC_HICP_MINR(1.0),30/04/26 11:00:00,Monthly,Annual rate of change,Total,Poland,2022-10,16.4,,
ESTAT:PRC_HICP_MINR(1.0),30/04/26 11:00:00,Monthly,Annual rate of change,Total,Poland,2022-11,16.1,,
ESTAT:PRC_HICP_MINR(1.0),30/04/26 11:00:00,Monthly,Annual rate of change,Total,Poland,2022-12,15.4,,
ESTAT:PRC_HICP_MINR(1.0),30/04/26 11:00:00,Monthly,Annual rate of change,Total,Poland,2023-01,15.8,,
ESTAT:PRC_HICP_MINR(1.0),30/04/26 11:00:00,Monthly,Annual rate of change,Total,Poland,2023-02,17.2,,
ESTAT:PRC_HICP_MINR(1.0),30/04/26 11:00:00,Monthly,Annual rate of change,Total,Poland,2023-03,15.2,,
ESTAT:PRC_HICP_MINR(1.0),30/04/26 11:00:00,Monthly,Annual rate of change,Total,Poland,2023-04,14.0,,
ESTAT:PRC_HICP_MINR(1.0),30/04/26 11:00:00,Monthly,Annual rate of change,Total,Poland,2023-05,12.4,,
ESTAT:PRC_HICP_MINR(1.0),30/04/26 11:00:00,Monthly,Annual rate of change,Total,Poland,2023-06,11.0,,
ESTAT:PRC_HICP_MINR(1.0),30/04/26 11:00:00,Monthly,Annual rate of change,Total,Poland,2023-07,10.3,,
ESTAT:PRC_HICP_MINR(1.0),30/04/26 11:00:00,Monthly,Annual rate of change,Total,Poland,2023-08,9.5,,
ESTAT:PRC_HICP_MINR(1.0),30/04/26 11:00:00,Monthly,Annual rate of change,Total,Poland,2023-09,7.7,,
ESTAT:PRC_HICP_MINR(1.0),30/04/26 11:00:00,Monthly,Annual rate of change,Total,Poland,2023-10,6.3,,
ESTAT:PRC_HICP_MINR(1.0),30/04/26 11:00:00,Monthly,Annual rate of change,Total,Poland,2023-11,6.3,,
ESTAT:PRC_HICP_MINR(1.0),30/04/26 11:00:00,Monthly,Annual rate of change,Total,Poland,2023-12,6.2,,
ESTAT:PRC_HICP_MINR(1.0),30/04/26 11:00:00,Monthly,Annual rate of change,Total,Poland,2024-01,4.6,,
ESTAT:PRC_HICP_MINR(1.0),30/04/26 11:00:00,Monthly,Annual rate of change,Total,Poland,2024-02,3.6,,
ESTAT:PRC_HICP_MINR(1.0),30/04/26 11:00:00,Monthly,Annual rate of change,Total,Poland,2024-03,2.7,,
ESTAT:PRC_HICP_MINR(1.0),30/04/26 11:00:00,Monthly,Annual rate of change,Total,Poland,2024-04,3.0,,
ESTAT:PRC_HICP_MINR(1.0),30/04/26 11:00:00,Monthly,Annual rate of change,Total,Poland,2024-05,2.8,,
ESTAT:PRC_HICP_MINR(1.0),30/04/26 11:00:00,Monthly,Annual rate of change,Total,Poland,2024-06,2.9,,
ESTAT:PRC_HICP_MINR(1.0),30/04/26 11:00:00,Monthly,Annual rate of change,Total,Poland,2024-07,4.0,,
ESTAT:PRC_HICP_MINR(1.0),30/04/26 11:00:00,Monthly,Annual rate of change,Total,Poland,2024-08,4.0,,
ESTAT:PRC_HICP_MINR(1.0),30/04/26 11:00:00,Monthly,Annual rate of change,Total,Poland,2024-09,4.3,,
ESTAT:PRC_HICP_MINR(1.0),30/04/26 11:00:00,Monthly,Annual rate of change,Total,Poland,2024-10,4.3,,
ESTAT:PRC_HICP_MINR(1.0),30/04/26 11:00:00,Monthly,Annual rate of change,Total,Poland,2024-11,4.0,,
ESTAT:PRC_HICP_MINR(1.0),30/04/26 11:00:00,Monthly,Annual rate of change,Total,Poland,2024-12,3.8,,
ESTAT:PRC_HICP_MINR(1.0),30/04/26 11:00:00,Monthly,Annual rate of change,Total,Poland,2025-01,4.3,,
ESTAT:PRC_HICP_MINR(1.0),30/04/26 11:00:00,Monthly,Annual rate of change,Total,Poland,2025-02,4.4,,
ESTAT:PRC_HICP_MINR(1.0),30/04/26 11:00:00,Monthly,Annual rate of change,Total,Poland,2025-03,4.4,,
ESTAT:PRC_HICP_MINR(1.0),30/04/26 11:00:00,Monthly,Annual rate of change,Total,Poland,2025-04,3.7,,
ESTAT:PRC_HICP_MINR(1.0),30/04/26 11:00:00,Monthly,Annual rate of change,Total,Poland,2025-05,3.6,,
ESTAT:PRC_HICP_MINR(1.0),30/04/26 11:00:00,Monthly,Annual rate of change,Total,Poland,2025-06,3.4,,
ESTAT:PRC_HICP_MINR(1.0),30/04/26 11:00:00,Monthly,Annual rate of change,Total,Poland,2025-07,2.9,,
ESTAT:PRC_HICP_MINR(1.0),30/04/26 11:00:00,Monthly,Annual rate of change,Total,Poland,2025-08,2.8,,
ESTAT:PRC_HICP_MINR(1.0),30/04/26 11:00:00,Monthly,Annual rate of change,Total,Poland,2025-09,2.9,,
ESTAT:PRC_HICP_MINR(1.0),30/04/26 11:00:00,Monthly,Annual rate of change,Total,Poland,2025-10,2.8,,
ESTAT:PRC_HICP_MINR(1.0),30/04/26 11:00:00,Monthly,Annual rate of change,Total,Poland,2025-11,2.6,,
ESTAT:PRC_HICP_MINR(1.0),30/04/26 11:00:00,Monthly,Annual rate of change,Total,Poland,2025-12,2.6,,
ESTAT:PRC_HICP_MINR(1.0),30/04/26 11:00:00,Monthly,Annual rate of change,Total,Poland,2026-01,2.5,,
ESTAT:PRC_HICP_MINR(1.0),30/04/26 11:00:00,Monthly,Annual rate of change,Total,Poland,2026-02,2.5,,
ESTAT:PRC_HICP_MINR(1.0),30/04/26 11:00:00,Monthly,Annual rate of change,Total,Poland,2026-03,3.2,,
